{
	"offset_meshes_names": [
		"stature",
		"weight",
		"chest",
		"waist",
		"hips",
		"inseam",
		"age"
	],
	"means": [
		1.64232e3, 3.997508, 9.285578e2, 7.564329e2, 1.023178e3, 7.551578e2,
		4.012371
	],
	"covariance": [
		[
			4.746183e3, 5.688103, 7.149492e2, 8.309763e2, 1.194057e3, 2.841976e3,
			1.125533e1
		],
		[
			5.688103, 5.485452e-2, 1.892354e1, 1.881021e1, 1.890881e1, 2.377624,
			-1.012215e-2
		],
		[
			7.149492e2, 1.892354e1, 8.392775e3, 7.55209e3, 6.396354e3, 3.602916e1,
			-7.956077
		],
		[
			8.309763e2, 1.881021e1, 7.55209e3, 8.974942e3, 6.483763e3, 1.558322e2,
			-9.556207
		],
		[
			1.194057e3, 1.890881e1, 6.396354e3, 6.483763e3, 7.615241e3, 2.847339e2,
			-1.766251e1
		],
		[
			2.841976e3, 2.377624, 3.602916e1, 1.558322e2, 2.847339e2, 2.142281e3,
			7.67173
		],
		[
			1.125533e1, -1.012215e-2, -7.956077, -9.556207, -1.766251e1, 7.67173,
			9.684213
		]
	]
}
